{
  "_id":{
     "$oid":"66ea0c39c0271ece1ab2e6b8"
  },
  "userId":"testUserId123",
  "stocks":[
     {
        "symbol":"AAPL",
        "shares":{
           "$numberInt":"100"
        },
        "buyPrice":{
           "$numberInt":"163"
        },
        "currentPrice":{
           "$numberInt":"223"
        }
     },
     {
        "symbol":"TSLA",
        "shares":{
           "$numberInt":"5"
        },
        "buyPrice":{
           "$numberInt":"190"
        },
        "currentPrice":{
           "$numberInt":"254"
        }
     },
     {
        "symbol":"PLTR",
        "shares":{
           "$numberInt":"500"
        },
        "buyPrice":{
           "$numberInt":"30"
        },
        "currentPrice":{
           "$numberInt":"32"
        }
     },
     {
        "symbol":"NVDA",
        "shares":{
           "$numberInt":"300"
        },
        "buyPrice":{
           "$numberInt":"101"
        },
        "currentPrice":{
           "$numberInt":"125"
        }
     },
     {
        "symbol":"GOOGL",
        "shares":{
           "$numberInt":"300"
        },
        "buyPrice":{
           "$numberInt":"93"
        },
        "currentPrice":{
           "$numberInt":"163"
        }
     }
  ],
  "totalValue":{
     "$numberInt":""
  }
}